feature,non_null_count,non_null_ratio,mean,std
molecular_weight,834,1.0,216.57621571117963,140.97452202472644
rotatable_bonds,834,1.0,5.0503597122302155,6.429587678038728
