feature,non_null_count,non_null_ratio,mean,std
molecular_weight,784,1.0,214.49696798867834,140.45964563811063
rotatable_bonds,784,1.0,5.13265306122449,6.3411127943599315
