feature,non_null_count,non_null_ratio,mean,std
molecular_weight,734,1.0,209.42980776992346,136.55014159884666
rotatable_bonds,734,1.0,4.940054495912807,5.8765567033204
