n,mae,rmse,r2
2047,34.92976871572367,65.80992794238173,0.9274350911259459
